FSOrderNumber,OrderDate,CakeName,RetailPrice
1080,7/9/2025,Design A Cake - Rose,26.29
1081,7/9/2025,Construction,34.29
1082,7/9/2025,Design Your Own - Round Balloons,57.29
1092,7/9/2025,Design A Cake - Fantasy Flowers,26.29
1094,7/9/2025,Design A Cake - Rose,41.29
1095,7/9/2025,Picture Perfect - Sheet,41.29
1096,7/9/2025,Paw Patrol Cupcakes,32.98
500122,7/9/2025,Bordered Cupcakes,30.98
500122,7/9/2025,Bordered Cupcakes,30.98
1083,7/9/2025,Design A Cake - Rose,41.29
1091,7/9/2025,Design A Cake - Rose,26.29
1093,7/9/2025,Picture Perfect - Sheet,57.29
1098,7/9/2025,Picture Perfect - Sheet,56.29
1100,7/9/2025,Picture Perfect - Sheet,41.29
1101,7/9/2025,Design Your Own Cupcake,30.98
1105,7/9/2025,Design A Cake - Dots,26.29
1107,7/9/2025,Design Your Own - Round Rose,22.29
1112,7/9/2025,Sprinkle Cake,17.29
1115,7/9/2025,Anniversary Cake,52.29
1116,7/9/2025,Design Your Own - Round Dots,37.29
1120,7/9/2025,Design Your Own Cupcake,15.49
1120,7/9/2025,Design Your Own Cupcake,15.49
1121,7/9/2025,Paw Patrol,52.29
1123,7/9/2025,Design Your Own - Round Dots,22.29
1125,7/9/2025,Sunflowers,72.29
1126,7/9/2025,Fun in the Sun,34.29
1132,7/9/2025,Fun in the Sun,52.29
1133,7/9/2025,Hot Wheels,51.29
1136,7/9/2025,Design A Cake - Tea Roses,26.29
1139,7/9/2025,Design A Cake - Tea Roses,61.29
1141,7/9/2025,Solid Color Cupcakes,15.49
1143,7/10/2025,Baseball,35.29
1147,7/10/2025,Design Your Own - Round Tea Roses,37.29
1148,7/10/2025,Design A Cake - Rose,41.29
1149,7/10/2025,Picture Perfect - Sheet,41.29
1150,7/10/2025,Design Your Own - Round Tea Roses,22.29
1151,7/10/2025,Dinosaurs,34.29
1152,7/10/2025,Design A Cake - Tea Roses,30.29
1153,7/10/2025,Design Your Own - Round Dots,37.29
1154,7/10/2025,Design Your Own - Round Dots,37.29
1155,7/10/2025,Design a Cake - Plain Sheet,26.29
1160,7/10/2025,Happy Birthday Cupcakes,16.49
1161,7/10/2025,Design Your Own - Round Tea Roses,22.29
500136,7/9/2025,Commanders Cupcakes,32.98
500137,7/9/2025,Plain Cake,26.29
500142,7/9/2025,Mini Cupcakes,17.49
500143,7/9/2025,Design Your Own Cupcake,30.98
500145,7/10/2025,Mini Cupcakes,16.49
500146,7/10/2025,Picture Perfect - Sheet,57.29
500150,7/10/2025,Picture Perfect - Sheet,59.29
1089,7/9/2025,Design Your Own - Round Tea Roses,22.29
1102,7/9/2025,Design A Cake - Rose,41.29
1104,7/9/2025,Butterfly Cupcakes,33.98
1113,7/9/2025,Cross,72.29
1118,7/9/2025,Fun in the Sun,34.29
1128,7/9/2025,Design a Cake - Balloons,41.29
1137,7/9/2025,Design a Cake - Balloons,62.29
1138,7/9/2025,Solid Color Cupcakes,15.49
1138,7/9/2025,Solid Color Cupcakes,15.49
1145,7/10/2025,Design A Cake - Dots,62.29
1158,7/10/2025,Design Your Own - Round Fantasy Flowers,37.29
1163,7/10/2025,Cross,71.29
1164,7/10/2025,Design Your Own - Round Fantasy Flowers,22.29
1169,7/10/2025,Mini Cupcakes,16.49
1169,7/10/2025,Mini Cupcakes,17.49
1175,7/10/2025,Picture Perfect - Round,52.29
1176,7/10/2025,Design A Cake - Rose,26.29
1179,7/10/2025,Design A Cake - Rose,43.29
1179,7/10/2025,Design a Cake - Balloons,43.29
1180,7/10/2025,Design A Cake - Rose,26.29
1184,7/10/2025,Design Your Own - Round Balloons,22.29
1189,7/10/2025,Picture Perfect - Sheet,42.29
1194,7/11/2025,Design Your Own - Round Balloons,22.29
1084,7/9/2025,Design Your Own - Round Rose,22.29
1088,7/9/2025,Fun in the Sun,34.29
1146,7/10/2025,Ravens,34.29
1167,7/10/2025,Design A Cake - Fantasy Flowers,26.29
1177,7/10/2025,Design Your Own - Round Rose,22.29
1187,7/10/2025,Design a Cake - Balloons,26.29
1222,7/12/2025,Picture Perfect - Sheet,41.29
1227,7/12/2025,Sprinkle Cake,17.29
1228,7/12/2025,Design A Cake - Fantasy Flowers,43.29
1230,7/12/2025,Picture Perfect - Sheet,59.29
1235,7/13/2025,Picture Perfect - Sheet,41.29
500111,7/8/2025,Picture Perfect - Sheet,42.29
1085,7/9/2025,Design Your Own - Round Tea Roses,57.29
1124,7/9/2025,Design Your Own - Round Tea Roses,37.29
1127,7/9/2025,Design Your Own - Round Rose,22.29
1135,7/9/2025,Design A Cake - Rose,42.29
1144,7/10/2025,Picture Perfect - Sheet,77.29
1157,7/10/2025,Design A Cake - Rose,64.29
1159,7/10/2025,Design Your Own - Round Rose,22.29
1178,7/10/2025,Fun in the Sun,34.29
1203,7/11/2025,Bordered Cupcakes,15.49
1203,7/11/2025,Bordered Cupcakes,15.49
1217,7/12/2025,Design Your Own - Round Fantasy Flowers,22.29
1220,7/12/2025,Solid Color Cupcakes,15.49
1220,7/12/2025,Solid Color Cupcakes,15.49
1220,7/12/2025,Solid Color Cupcakes,15.49
1221,7/12/2025,Design a Cake - Balloons,26.29
1238,7/13/2025,Design A Cake - Rose,26.29
1251,7/13/2025,Design A Cake - Rose,26.29
1253,7/13/2025,Design a Cake - Balloons,26.29
1256,7/13/2025,Design A Cake - Rose,26.29
1257,7/14/2025,Design Your Own - Round Tea Roses,37.29
1259,7/14/2025,Design a Cake - Plain Sheet,26.29
1265,7/14/2025,Sprinkle Cake,17.29
1269,7/14/2025,Design A Cake - Dots,27.29
1270,7/14/2025,Solid Color Cupcakes,15.49
500141,7/9/2025,Design A Cake - Rose,26.29
500164,7/10/2025,Design Your Own - Round Rose,22.29
500175,7/11/2025,Number Cake (Single Number),56.99
500181,7/11/2025,Design A Cake - Rose,44.29
500183,7/11/2025,Red Rose,17.29
500186,7/11/2025,Design Your Own - Round Balloons,22.29
500191,7/12/2025,Emoji Cupcakes,16.49
500192,7/12/2025,Design A Cake - Rose,27.29
1086,7/9/2025,Red Rose,17.29
1130,7/9/2025,Design Your Own - Round Tea Roses,22.29
1140,7/9/2025,Hello Kitty,52.29
1142,7/10/2025,Flip Flop Cupcakes,16.49
1156,7/10/2025,Design a Cake - Balloons,44.29
1200,7/11/2025,Design Your Own - Round Rose,22.29
1201,7/11/2025,Design a Cake - Balloons,27.29
1211,7/12/2025,Design Your Own - Round Dots,37.29
1215,7/12/2025,Design A Cake - Dots,43.29
1224,7/12/2025,Design Your Own - Round Dots,22.29
1233,7/13/2025,Design Your Own - Round Tea Roses,22.29
1242,7/13/2025,TriColor Balloon,17.29
1244,7/13/2025,Design Your Own - Round Dots,22.29
1249,7/13/2025,Design A Cake - Dots,43.29
1260,7/14/2025,Design Your Own - Round Rose,22.29
1280,7/14/2025,Design Your Own - Round Rose,57.29
1282,7/14/2025,Design A Cake - Rose,27.29
1290,7/14/2025,Red Rose,17.29
1295,7/14/2025,Design a Cake - Balloons,26.29
1299,7/14/2025,Air Force,34.29
1300,7/14/2025,Design Your Own - Round Rose,22.29
1314,7/15/2025,Design a Cake - Balloons,64.29
1315,7/15/2025,Design a Cake - Balloons,44.29
500118,7/9/2025,Design a Cake - Balloons,27.29
500131,7/9/2025,Happy Birthday Cupcakes,33.98
500179,7/11/2025,Baby Block,34.29
500199,7/12/2025,TriColor Balloon,44.29
500200,7/12/2025,Solid Color Cupcakes,30.98
500200,7/12/2025,Solid Color Cupcakes,15.49
500202,7/12/2025,Happy Birthday,35.29
500212,7/13/2025,Design Your Own - Round Rose,22.29
500216,7/13/2025,Design Your Own - Round Dots,37.29
500217,7/13/2025,Design a Cake - Plain Sheet,43.29
500218,7/13/2025,Design A Cake - Rose,43.29
500223,7/14/2025,Design A Cake - Rose,43.29
500227,7/14/2025,Number Cake (Double Number),112.99
500235,7/14/2025,Butterstar Cookie Tray,25.99
500239,7/14/2025,Design Your Own - Round Tea Roses,22.29
500241,7/14/2025,Design Your Own - Round Balloons,22.29
500265,7/15/2025,Solid Color Cupcakes,30.98
500265,7/15/2025,Solid Color Cupcakes,15.49
500278,7/15/2025,Solid Color Cupcakes,30.98
500278,7/15/2025,Solid Color Cupcakes,30.98
500248,7/14/2025,Solid Color Cupcakes,15.49
1097,7/9/2025,Design a Cake - Plain Round,37.29
1099,7/9/2025,Solid Color Cupcakes,15.49
1099,7/9/2025,Solid Color Cupcakes,15.49
1103,7/9/2025,Design Your Own - Round Balloons,22.29
1111,7/9/2025,Design Your Own Cupcake,15.49
1111,7/9/2025,Design A Cake - Tea Roses,42.29
1162,7/10/2025,Paw Patrol Cupcakes,32.98
1162,7/10/2025,Mini Cupcakes,17.49
1170,7/10/2025,Sprinkle Cake,17.29
1199,7/11/2025,Picture Perfect - Sheet,78.29
1199,7/11/2025,Bordered Cupcakes,30.98
1199,7/11/2025,Bordered Cupcakes,15.49
1208,7/11/2025,Sprinkle Cake,22.29
1209,7/11/2025,Golf Cart,34.29
1216,7/12/2025,Design Your Own - Round Rose,22.29
1219,7/12/2025,Picture Perfect - Sheet,94.29
1231,7/13/2025,Army,34.29
1232,7/13/2025,TriColor Balloon,17.29
1234,7/13/2025,Butterfly Cupcakes,16.49
1234,7/13/2025,Butterfly Cupcakes,32.98
1240,7/13/2025,Picture Perfect - Sheet,58.29
1246,7/13/2025,Golf Cart,52.29
1250,7/13/2025,Design A Cake - Rose,43.29
1261,7/14/2025,Sprinkle Cake,22.29
1272,7/14/2025,Graduation Cupcakes,32.98
1273,7/14/2025,Design A Cake - Dots,26.29
1274,7/14/2025,Design a Cake - Plain Sheet,43.29
1275,7/14/2025,Picture Perfect - Sheet,41.29
1276,7/14/2025,Design Your Own Cupcake,30.98
1276,7/14/2025,Design Your Own Cupcake,15.49
1278,7/14/2025,Solid Color Cupcakes,30.98
1281,7/14/2025,Design a Cake - Balloons,43.29
1291,7/14/2025,Design A Cake - Dots,26.29
1293,7/14/2025,Design A Cake - Rose,26.29
1296,7/14/2025,Design a Cake - Balloons,44.29
1297,7/14/2025,Picture Perfect - Sheet,79.29
1301,7/15/2025,Picture Perfect - Sheet,78.29
1302,7/15/2025,Design a Cake - Balloons,43.29
1304,7/15/2025,Design A Cake - Rose,26.29
1308,7/15/2025,Design A Cake - Fantasy Flowers,26.29
1309,7/15/2025,Design A Cake - Dots,43.29
1320,7/15/2025,Design a Cake - Balloons,26.29
1322,7/15/2025,Design a Cake - Plain Round,22.29
1327,7/15/2025,Design Your Own - Round Rose,22.29
1328,7/15/2025,Solid Color Cupcakes,15.49
1328,7/15/2025,Solid Color Cupcakes,15.49
1328,7/15/2025,Solid Color Cupcakes,16.49
1329,7/15/2025,Picture Perfect - Round,52.29
1332,7/15/2025,Design A Cake - Rose,43.29
1335,7/15/2025,Design Your Own - Round Fantasy Flowers,22.29
1336,7/15/2025,Fun in the Sun,34.29
1340,7/15/2025,Design Your Own - Round Rose,22.29
1342,7/16/2025,Solid Color Cupcakes,15.49
1342,7/16/2025,Solid Color Cupcakes,15.49
1342,7/16/2025,Solid Color Cupcakes,15.49
1342,7/16/2025,Solid Color Cupcakes,16.49
1343,7/16/2025,Design Your Own - Round Fantasy Flowers,22.29
1345,7/16/2025,Design Your Own - Round Rose,37.29
1353,7/16/2025,Hot Wheels,34.29
1356,7/16/2025,TriColor Balloon,17.29
1358,7/16/2025,Design a Cake - Balloons,26.29
500144,7/9/2025,Number Cake (Double Number),112.99
500148,7/10/2025,Solid Color Cupcakes,15.49
500148,7/10/2025,Solid Color Cupcakes,15.49
500148,7/10/2025,Solid Color Cupcakes,15.49
500148,7/10/2025,Plain Cake,17.29
500156,7/10/2025,Picture Perfect - Sheet,58.29
500165,7/10/2025,Baby Block,52.29
500166,7/10/2025,Double Bar Cake,33.99
500176,7/11/2025,Design Your Own - Round Tea Roses,22.29
500190,7/12/2025,Mini Cupcakes,16.49
500190,7/12/2025,Mini Cupcakes,16.49
500190,7/12/2025,Mini Cupcakes,16.49
500196,7/12/2025,Picture Perfect - Sheet,79.29
500197,7/12/2025,Design A Cake - Fantasy Flowers,43.29
500211,7/13/2025,Picture Perfect - Sheet,59.29
500230,7/14/2025,Butterstar Cookie Tray,25.99
500230,7/14/2025,Design A Cake - Dots,64.29
500253,7/14/2025,Hello Kitty,51.29
500257,7/14/2025,Design Your Own Cupcake,30.98
500258,7/14/2025,Design A Cake - Tea Roses,63.29
500259,7/14/2025,Design Your Own - Round Rose,22.29
500260,7/14/2025,Design Your Own - Round Dots,37.29
500262,7/14/2025,Cross,52.29
500269,7/15/2025,Baby Blanket,51.29
500271,7/15/2025,Picture Perfect - Sheet,41.29
500275,7/15/2025,Design A Cake - Dots,43.29
500279,7/15/2025,Graduation Picture Perfect,49.29
500283,7/15/2025,Design A Cake - Fantasy Flowers,26.29
500284,7/15/2025,Design Your Own Cupcake,30.98
500284,7/15/2025,Mini Cupcakes,17.49
500284,7/15/2025,Butterstar Cookie Tray,25.99
500291,7/15/2025,TriColor Balloon,26.29
500296,7/15/2025,Design A Cake - Rose,44.29
500299,7/15/2025,TriColor Balloon,17.29
500300,7/15/2025,Picture Perfect - Sheet,41.29
500301,7/15/2025,Design A Cake - Fantasy Flowers,26.29
500304,7/15/2025,Design a Cake - Balloons,44.29
500308,7/15/2025,Picture Perfect - Sheet,79.29
500310,7/16/2025,Design A Cake - Rose,63.29
500311,7/16/2025,Congrats Grad,34.29
500312,7/16/2025,Design a Cake - Balloons,26.29
1117,7/9/2025,Solid Color Cupcakes,15.49
1117,7/9/2025,Solid Color Cupcakes,15.49
1117,7/9/2025,Solid Color Cupcakes,15.49
1168,7/10/2025,Hello Kitty Cupcakes,33.98
1174,7/10/2025,Double Bar Cake,33.99
1174,7/10/2025,Solid Color Cupcakes,15.49
1181,7/10/2025,Happy Birthday Cupcakes,16.49
1181,7/10/2025,Emoji Cupcakes,16.49
1183,7/10/2025,Picture Perfect - Sheet,79.29
1190,7/11/2025,Design A Cake - Rose,43.29
1197,7/11/2025,Design a Cake - Plain Sheet,43.29
1202,7/11/2025,Picture Perfect - Sheet,41.29
1207,7/11/2025,Design A Cake - Fantasy Flowers,26.29
1213,7/12/2025,Design Your Own - Round Tea Roses,57.29
1214,7/12/2025,Design a Cake - Balloons,26.29
1218,7/12/2025,Fun in the Sun,71.29
1218,7/12/2025,Rosette Cake,52.99
1218,7/12/2025,Design Your Own - Round Fantasy Flowers,22.29
1247,7/13/2025,Design A Cake - Dots,43.29
1248,7/13/2025,Design a Cake - Balloons,26.29
1254,7/13/2025,Cross,71.29
1258,7/14/2025,Hello Kitty,35.29
1262,7/14/2025,Design Your Own Cupcake,30.98
1262,7/14/2025,Design Your Own Cupcake,15.49
1277,7/14/2025,Design A Cake - Tea Roses,26.29
1279,7/14/2025,Picture Perfect - Sheet,58.29
1283,7/14/2025,Design A Cake - Dots,26.29
1288,7/14/2025,Design a Cake - Balloons,27.29
1289,7/14/2025,Princess Crown,51.29
1294,7/14/2025,Design a Cake - Balloons,26.29
1303,7/15/2025,Design A Cake - Rose,26.29
1306,7/15/2025,Unicorn Cupcakes,16.49
1310,7/15/2025,Design Your Own - Round Rose,22.29
1331,7/15/2025,Design A Cake - Dots,43.29
1333,7/15/2025,Red Rose,17.29
1337,7/15/2025,Design Your Own - Round Rose,37.29
1341,7/15/2025,Design Your Own Cupcake,15.49
1344,7/16/2025,Design A Cake - Tea Roses,47.29
1350,7/16/2025,Sprinkle Cake,17.29
1352,7/16/2025,Design A Cake - Dots,27.29
1357,7/16/2025,Picture Perfect - Sheet,58.29
1363,7/16/2025,Commanders,35.29
1364,7/16/2025,Design A Cake - Rose,63.29
1369,7/16/2025,Design Your Own - Round Rose,22.29
1370,7/16/2025,Design a Cake - Balloons,26.29
1373,7/16/2025,Red Rose,17.29
1376,7/16/2025,Red Rose,17.29
1377,7/16/2025,Hello Kitty,34.29
1378,7/17/2025,Picture Perfect - Sheet,42.29
1379,7/17/2025,Design Your Own - Round Balloons,22.29
1384,7/17/2025,Design A Cake - Dots,44.29
1385,7/17/2025,Design A Cake - Rose,44.29
1386,7/17/2025,Design A Cake - Rose,27.29
1389,7/17/2025,Design a Cake - Plain Sheet,26.29
500112,7/9/2025,Mini Cupcakes,19.49
500129,7/9/2025,Baby Cupcakes,32.98
500129,7/9/2025,Baby Cupcakes,32.98
500130,7/9/2025,Football,35.29
500147,7/10/2025,Solid Color Cupcakes,15.49
500147,7/10/2025,Solid Color Cupcakes,15.49
500154,7/10/2025,Design Your Own - Round Fantasy Flowers,37.29
500160,7/10/2025,Design a Cake - Plain Sheet,26.29
500163,7/10/2025,Sprinkle Cake,17.29
500163,7/10/2025,Plain Cake,17.29
500167,7/10/2025,Cross,51.29
500174,7/11/2025,Design Your Own - Round Tea Roses,22.29
500180,7/11/2025,TriColor Balloon,44.29
500182,7/11/2025,Design A Cake - Fantasy Flowers,63.29
500194,7/12/2025,Hello Kitty,34.29
500203,7/12/2025,Design a Cake - Balloons,27.29
500205,7/12/2025,Baby Cupcakes,32.98
500206,7/12/2025,Design a Cake - Balloons,43.29
500208,7/12/2025,Golf Cart,34.29
500215,7/13/2025,Monster Truck,51.29
500220,7/13/2025,Picture Perfect - Sheet,41.29
500221,7/13/2025,Picture Perfect - Sheet,42.29
500222,7/14/2025,Design Your Own - Round Rose,22.29
500233,7/14/2025,Design a Cake - Balloons,26.29
500242,7/14/2025,Spiderman Cupcakes,33.98
500254,7/14/2025,Design a Cake - Plain Round,57.29
500254,7/14/2025,Design a Cake - Plain Round,22.29
500261,7/14/2025,Happy Birthday Cupcakes,33.98
500261,7/14/2025,Plain Cake,17.29
500263,7/15/2025,Picture Perfect - Sheet,58.29
500264,7/15/2025,Design a Cake - Plain Round,22.29
500264,7/15/2025,Design a Cake - Plain Round,37.29
500264,7/15/2025,Design a Cake - Plain Round,57.29
500273,7/15/2025,Sprinkle Cake,27.29
500287,7/15/2025,Design a Cake - Plain Round,22.29
500290,7/15/2025,Design A Cake - Fantasy Flowers,43.29
500292,7/15/2025,Design A Cake - Rose,63.29
500295,7/15/2025,Design A Cake - Tea Roses,26.29
500298,7/15/2025,Number Cake (Single Number),56.99
500305,7/15/2025,Picture Perfect - Sheet,42.29
500306,7/15/2025,Design a Cake - Balloons,27.29
500316,7/16/2025,Design a Cake - Balloons,26.29
500321,7/16/2025,Design A Cake - Tea Roses,63.29
500322,7/16/2025,Design A Cake - Tea Roses,26.29
500328,7/16/2025,Sprinkle Cake,22.29
500328,7/16/2025,TriColor Balloon,26.29
500329,7/16/2025,Design A Cake - Rose,43.29
500330,7/16/2025,Design Your Own - Round Dots,37.29
500330,7/16/2025,Design Your Own - Round Balloons,22.29
500331,7/16/2025,TriColor Balloon,26.29
500333,7/16/2025,Picture Perfect - Sheet,59.29
500335,7/16/2025,Design Your Own - Round Balloons,37.29
500337,7/17/2025,Design a Cake - Plain Sheet,43.29
500341,7/17/2025,Design Your Own - Round Rose,22.29
500342,7/17/2025,Design A Cake - Rose,43.29
500343,7/17/2025,Design a Cake - Balloons,26.29
500346,7/17/2025,Design Your Own - Round Rose,22.29
1182,7/10/2025,Design Your Own - Round Balloons,37.29
1223,7/12/2025,Red Rose,22.29
1226,7/12/2025,Design A Cake - Dots,63.29
1229,7/12/2025,Design A Cake - Fantasy Flowers,43.29
1236,7/13/2025,Design Your Own - Round Tea Roses,22.29
1245,7/13/2025,Design A Cake - Fantasy Flowers,43.29
1252,7/13/2025,Solid Color Cupcakes,31.98
1284,7/14/2025,Picture Perfect - Sheet,41.29
1292,7/14/2025,Design A Cake - Tea Roses,44.29
1312,7/15/2025,Spiderman,35.29
1324,7/15/2025,Design Your Own - Round Rose,22.29
1338,7/15/2025,Plain Cake,26.29
1339,7/15/2025,Design A Cake - Rose,43.29
1346,7/16/2025,Design a Cake - Balloons,43.29
1348,7/16/2025,Design A Cake - Dots,27.29
1366,7/16/2025,Picture Perfect - Sheet,58.29
1367,7/16/2025,Design Your Own - Round Fantasy Flowers,22.29
1387,7/17/2025,Anniversary Cake,34.29
1391,7/17/2025,Design a Cake - Balloons,43.29
1395,7/17/2025,Design A Cake - Rose,43.29
1397,7/17/2025,TriColor Balloon,26.29
1399,7/17/2025,Picture Perfect - Sheet,41.29
1402,7/17/2025,Design A Cake - Fantasy Flowers,26.29
1403,7/17/2025,Picture Perfect - Sheet,58.29
1404,7/18/2025,Design Your Own Cupcake,30.98
1404,7/18/2025,Design A Cake - Rose,26.29
1407,7/18/2025,Picture Perfect - Sheet,58.29
1408,7/18/2025,Design a Cake - Plain Sheet,26.29
1414,7/18/2025,Averagers Cupcakes,32.98
1415,7/18/2025,Design A Cake - Tea Roses,26.29
1087,7/9/2025,Design a Cake - Balloons,61.29
1131,7/9/2025,Picture Perfect - Sheet,76.29
1131,7/9/2025,Picture Perfect - Sheet,76.29
1205,7/11/2025,Fun in the Sun,51.29
1318,7/15/2025,Design a Cake - Balloons,44.29
1321,7/15/2025,Design Your Own - Round Fantasy Flowers,22.29
1392,7/17/2025,Design Your Own - Round Rose,37.29
1401,7/17/2025,Hello Kitty Cupcakes,17.49
1401,7/17/2025,Spiderman Cupcakes,17.49
1405,7/18/2025,Design A Cake - Rose,26.29
1412,7/18/2025,Baby Blanket,52.29
1430,7/19/2025,Picture Perfect - Sheet,58.29
1434,7/19/2025,Sprinkle Cake,27.29
1440,7/19/2025,Design a Cake - Plain Sheet,63.29
1443,7/19/2025,Design A Cake - Tea Roses,44.29
1447,7/20/2025,Design A Cake - Tea Roses,26.29
1453,7/20/2025,Red Rose,27.29
500213,7/13/2025,Design Your Own - Round Balloons,22.29
500317,7/16/2025,Red Rose,44.29
1119,7/9/2025,Design A Cake - Dots,27.29
1375,7/16/2025,Solid Color Cupcakes,15.49
1375,7/16/2025,Solid Color Cupcakes,15.49
1390,7/17/2025,Design a Cake - Plain Sheet,27.29
1409,7/18/2025,Design Your Own - Round Balloons,22.29
1413,7/18/2025,Design a Cake - Balloons,64.29
1435,7/19/2025,Hello Kitty Cupcakes,16.49
1444,7/19/2025,Picture Perfect - Sheet,58.29
1448,7/20/2025,Design A Cake - Tea Roses,26.29
1457,7/20/2025,Red Rose,17.29
1463,7/20/2025,Graduation Picture Perfect,67.29
1469,7/20/2025,Design A Cake - Fantasy Flowers,26.29
1470,7/20/2025,Fun in the Sun,34.29
1478,7/20/2025,Design a Cake - Balloons,27.29
1484,7/21/2025,Picture Perfect - Sheet,78.29
1487,7/21/2025,Design A Cake - Rose,26.29
1489,7/21/2025,Design A Cake - Rose,27.29
1491,7/21/2025,Picture Perfect - Sheet,78.29
1492,7/21/2025,Design Your Own - Round Balloons,22.29
1495,7/21/2025,Sprinkle Cake,17.29
500302,7/15/2025,Design a Cake - Balloons,26.29
500348,7/17/2025,Design Your Own - Round Balloons,22.29
500351,7/17/2025,Hello Kitty,34.29
500356,7/18/2025,Happy Birthday,51.29
1185,7/10/2025,Spiderman,34.29
1255,7/13/2025,Design Your Own - Round Balloons,57.29
1433,7/19/2025,Graduation Cupcakes,32.98
1445,7/19/2025,Design Your Own - Round Rose,22.29
1455,7/20/2025,Hello Kitty,34.29
1458,7/20/2025,Red Rose,43.29
1482,7/21/2025,Design Your Own - Round Dots,22.29
1483,7/21/2025,Design A Cake - Dots,26.29
1506,7/21/2025,Picture Perfect - Sheet,41.29
1509,7/21/2025,Design A Cake - Tea Roses,27.29
1513,7/21/2025,Monster Truck,34.29
1519,7/21/2025,Design Your Own - Round Fantasy Flowers,37.29
1521,7/21/2025,TriColor Balloon,27.29
1527,7/21/2025,Fun in the Sun,52.29
1534,7/22/2025,Design Your Own - Round Balloons,22.29
1537,7/22/2025,TriColor Balloon,17.29
1546,7/22/2025,Design A Cake - Rose,26.29
1547,7/22/2025,Solid Color Cupcakes,15.49
1547,7/22/2025,Solid Color Cupcakes,15.49
500201,7/12/2025,Design Your Own - Round Rose,37.29
500224,7/14/2025,Design A Cake - Rose,26.29
500362,7/18/2025,Design Your Own - Round Fantasy Flowers,22.29
500366,7/19/2025,Sprinkle Cake,26.29
500388,7/21/2025,Design Your Own - Round Rose,22.29
500393,7/21/2025,Design a Cake - Balloons,43.29
500402,7/21/2025,Baby Block,34.29
500406,7/22/2025,Design Your Own - Round Balloons,22.29
500413,7/22/2025,Design Your Own - Round Balloons,22.29
500427,7/22/2025,Picture Perfect - Sheet,41.29
1166,7/10/2025,Design Your Own - Round Balloons,57.29
1171,7/10/2025,Hello Kitty Cupcakes,17.49
1172,7/10/2025,Design a Cake - Plain Sheet,43.29
1188,7/10/2025,Design A Cake - Rose,26.29
1206,7/11/2025,Graduation Picture Perfect,87.29
1210,7/12/2025,Design A Cake - Fantasy Flowers,43.29
1210,7/12/2025,Design Your Own Cupcake,15.49
1212,7/12/2025,Picture Perfect - Sheet,79.29
1285,7/14/2025,Design A Cake - Rose,43.29
1305,7/15/2025,Design Your Own - Round Tea Roses,22.29
1326,7/15/2025,Design a Cake - Balloons,26.29
1330,7/15/2025,Design Your Own - Round Balloons,37.29
1361,7/16/2025,Design A Cake - Rose,43.29
1374,7/16/2025,Design A Cake - Rose,26.29
1388,7/17/2025,Design A Cake - Rose,26.29
1398,7/17/2025,Princess Crown,34.29
1400,7/17/2025,Design a Cake - Balloons,64.29
1422,7/18/2025,Design a Cake - Plain Sheet,44.29
1423,7/18/2025,Solid Color Cupcakes,30.98
1423,7/18/2025,Solid Color Cupcakes,15.49
1423,7/18/2025,Mini Cupcakes,16.49
1432,7/19/2025,Design A Cake - Dots,27.29
1436,7/19/2025,Solid Color Cupcakes,16.49
1439,7/19/2025,Hot Wheels,52.29
1441,7/19/2025,Design Your Own - Round Rose,22.29
1451,7/20/2025,Design A Cake - Tea Roses,26.29
1456,7/20/2025,Design a Cake - Balloons,26.29
1460,7/20/2025,Butterstar Cookie Tray,25.99
1460,7/20/2025,Anniversary Cake,52.29
1468,7/20/2025,Design Your Own - Round Rose,22.29
1475,7/20/2025,Design Your Own - Round Rose,22.29
1480,7/21/2025,Design Your Own Cupcake,31.98
1480,7/21/2025,Solid Color Cupcakes,15.49
1486,7/21/2025,Design Your Own - Round Tea Roses,22.29
1490,7/21/2025,Design Your Own - Round Balloons,37.29
1493,7/21/2025,Fun in the Sun,34.29
1498,7/21/2025,Design Your Own - Round Fantasy Flowers,22.29
1499,7/21/2025,Design Your Own - Round Balloons,37.29
1500,7/21/2025,Sprinkle Cake,43.29
1508,7/21/2025,Butterflies,35.29
1516,7/21/2025,Design a Cake - Plain Sheet,26.29
1517,7/21/2025,Design A Cake - Rose,44.29
1520,7/21/2025,Design Your Own - Round Rose,22.29
1452120,7/21/2025,Design A Cake - Tea Roses,26.29
1524,7/21/2025,Design Your Own - Round Dots,22.29
1525,7/21/2025,Design A Cake - Fantasy Flowers,26.29
1526,7/21/2025,Solid Color Cupcakes,30.98
1530,7/22/2025,Design Your Own - Round Fantasy Flowers,37.29
1531,7/22/2025,Mini Cupcakes,16.49
1533,7/22/2025,Design Your Own - Round Rose,22.29
1538,7/22/2025,Design a Cake - Balloons,44.29
1538,7/22/2025,Design a Cake - Balloons,44.29
1539,7/22/2025,Design Your Own - Round Tea Roses,22.29
1541,7/22/2025,Design Your Own - Round Fantasy Flowers,37.29
1543,7/22/2025,Design Your Own - Round Balloons,22.29
1545,7/22/2025,Design a Cake - Balloons,27.29
1549,7/22/2025,Design a Cake - Balloons,63.29
1549,7/22/2025,Solid Color Cupcakes,30.98
1550,7/22/2025,Design Your Own - Round Balloons,22.29
1551,7/22/2025,Design A Cake - Rose,26.29
1557,7/22/2025,Design Your Own Cupcake,15.49
1557,7/22/2025,Design Your Own Cupcake,15.49
1560,7/22/2025,Mario Kart,34.29
1562,7/22/2025,Picture Perfect - Sheet,78.29
1562,7/22/2025,Design a Cake - Balloons,43.29
1563,7/22/2025,Design A Cake - Fantasy Flowers,26.29
1564,7/22/2025,Mini Cupcakes,17.49
1565,7/22/2025,Design a Cake - Plain Sheet,66.29
1566,7/22/2025,Design a Cake - Balloons,44.29
1569,7/22/2025,Sprinkle Cake,22.29
1576,7/22/2025,Toy Story 4 Cupcakes,33.98
1577,7/23/2025,Design Your Own Cupcake,30.98
1581,7/23/2025,Design a Cake - Plain Sheet,64.29
1582,7/23/2025,Spiderman,34.29
1583,7/23/2025,Design a Cake - Balloons,26.29
1591,7/23/2025,Picture Perfect - Sheet,58.29
1595,7/23/2025,Solid Color Cupcakes,16.49
1595,7/23/2025,Solid Color Cupcakes,16.49
500189,7/11/2025,Spiderman,51.29
500282,7/15/2025,Solid Color Cupcakes,31.98
500293,7/15/2025,Solid Color Cupcakes,30.98
500293,7/15/2025,Solid Color Cupcakes,15.49
500334,7/16/2025,Mini Cupcakes,16.49
500334,7/16/2025,Mini Cupcakes,16.49
500336,7/17/2025,Butterfly Cupcakes,16.49
500360,7/18/2025,Picture Perfect - Sheet,41.29
500361,7/18/2025,Design A Cake - Fantasy Flowers,63.29
500368,7/19/2025,Picture Perfect - Sheet,79.29
500370,7/19/2025,Mini Cupcakes,16.49
500370,7/19/2025,Mini Cupcakes,16.49
500370,7/19/2025,Mini Cupcakes,17.49
500377,7/20/2025,Design Your Own - Round Rose,22.29
500390,7/21/2025,Design a Cake - Plain Sheet,27.29
500398,7/21/2025,Design A Cake - Fantasy Flowers,26.29
500410,7/22/2025,Choc Choc,34.29
500412,7/22/2025,Design Your Own Cupcake,15.49
500412,7/22/2025,Design Your Own Cupcake,15.49
500416,7/22/2025,Fun in the Sun,34.29
500422,7/22/2025,Avengers,52.29
500423,7/22/2025,Design a Cake - Balloons,26.29
500425,7/22/2025,Design Your Own - Round Balloons,22.29
500435,7/22/2025,Design Your Own - Round Rose,37.29
500437,7/22/2025,Sprinkle Cake,26.29
500448,7/22/2025,Happy Birthday,35.29
500450,7/22/2025,Design Your Own Cupcake,31.98
500457,7/23/2025,TriColor Balloon,17.29
500458,7/23/2025,Design Your Own - Round Tea Roses,22.29
500459,7/23/2025,Design A Cake - Rose,34.29
1122,7/9/2025,Design a Cake - Plain Round,22.29
1134,7/9/2025,Spiderman,51.29
1173,7/10/2025,Avengers,34.29
1173,7/10/2025,Averagers Cupcakes,32.98
1193,7/11/2025,Picture Perfect - Sheet,58.29
1193,7/11/2025,Solid Color Cupcakes,30.98
1225,7/12/2025,Mini Cupcakes,16.49
1225,7/12/2025,Mini Cupcakes,16.49
1241,7/13/2025,Picture Perfect - Sheet,41.29
1264,7/14/2025,Design A Cake - Rose,43.29
1266,7/14/2025,Design a Cake - Balloons,26.29
1266,7/14/2025,Mini Cupcakes,16.49
1266,7/14/2025,Mini Cupcakes,16.49
1266,7/14/2025,Mini Cupcakes,16.49
1266,7/14/2025,Mini Cupcakes,16.49
1313,7/15/2025,Picture Perfect - Sheet,78.29
1365,7/16/2025,Sprinkle Cake,22.29
1382,7/17/2025,Design A Cake - Dots,27.29
1382,7/17/2025,Design Your Own Cupcake,31.98
1394,7/17/2025,Hello Kitty,35.29
1410,7/18/2025,Tulips,72.29
1417,7/18/2025,Design a Cake - Balloons,27.29
1420,7/18/2025,Paw Patrol,35.29
1424,7/18/2025,Baseball,51.29
1425,7/18/2025,Design Your Own - Round Rose,22.29
1426,7/18/2025,Design Your Own - Round Dots,37.29
1427,7/19/2025,Picture Perfect - Sheet,41.29
1428,7/19/2025,Design a Cake - Balloons,64.29
1431,7/19/2025,Picture Perfect - Round,72.29
1450,7/20/2025,Happy Birthday,71.29
1462,7/20/2025,Design A Cake - Rose,26.29
1464,7/20/2025,Mario Kart,52.29
1466,7/20/2025,Anniversary Cake,52.29
1471,7/20/2025,Design a Cake - Balloons,44.29
1472,7/20/2025,Picture Perfect - Sheet,58.29
1474,7/20/2025,Design Your Own - Round Balloons,57.29
1476,7/20/2025,Princess Crown,51.29
1477,7/20/2025,Camouflage,51.29
1479,7/20/2025,TriColor Balloon,26.29
1488,7/21/2025,Bordered Cupcakes,15.49
1488,7/21/2025,Bordered Cupcakes,16.49
1488,7/21/2025,Bordered Cupcakes,15.49
1496,7/21/2025,Design Your Own Cupcake,15.49
1496,7/21/2025,Solid Color Cupcakes,15.49
1497,7/21/2025,Design A Cake - Rose,33.3
1501,7/21/2025,Design a Cake - Plain Round,22.29
1502,7/21/2025,Design A Cake - Tea Roses,64.29
1505,7/21/2025,Design a Cake - Balloons,43.29
1510,7/21/2025,Design A Cake - Tea Roses,26.29
1512,7/21/2025,Design A Cake - Tea Roses,43.29
1514,7/21/2025,Design Your Own - Round Rose,22.29
1515,7/21/2025,Solid Color Cupcakes,30.98
1515,7/21/2025,Solid Color Cupcakes,15.49
1515,7/21/2025,Solid Color Cupcakes,15.49
1518,7/21/2025,Sunflowers,51.29
1523,7/21/2025,Picture Perfect - Sheet,58.29
1532,7/22/2025,Design A Cake - Rose,26.29
1542,7/22/2025,Design A Cake - Fantasy Flowers,26.29
1548,7/22/2025,Design A Cake - Fantasy Flowers,26.29
1553,7/22/2025,TriColor Balloon,26.29
1554,7/22/2025,Design A Cake - Tea Roses,27.29
1561,7/22/2025,Design a Cake Graduation,35.29
1567,7/22/2025,TriColor Balloon,26.29
1570,7/22/2025,Design A Cake - Dots,27.29
1571,7/22/2025,Graduation Picture Perfect,66.29
1572,7/22/2025,Design a Cake - Plain Sheet,63.29
1573,7/22/2025,Design A Cake - Fantasy Flowers,63.29
1574,7/22/2025,Picture Perfect - Sheet,78.29
1578,7/23/2025,Over the Hill,51.29
1580,7/23/2025,Design Your Own - Round Tea Roses,57.29
1584,7/23/2025,Design A Cake - Rose,26.29
1585,7/23/2025,Design A Cake - Dots,27.29
1586,7/23/2025,Design A Cake - Tea Roses,43.29
1586,7/23/2025,Design Your Own - Round Dots,22.29
1587,7/23/2025,Design A Cake - Tea Roses,63.29
1589,7/23/2025,Baby Block,52.29
1594,7/23/2025,Design Your Own - Round Tea Roses,22.29
1598,7/23/2025,Picture Perfect - Sheet,78.29
1601,7/23/2025,Design a Cake - Balloons,26.29
1602,7/23/2025,TriColor Balloon,26.29
1603,7/23/2025,Design Your Own - Round Rose,22.29
1604,7/23/2025,Solid Color Cupcakes,15.49
1604,7/23/2025,Solid Color Cupcakes,15.49
1606,7/23/2025,Plain Cake,17.29
1607,7/23/2025,Design A Cake - Tea Roses,43.29
1610,7/23/2025,Design A Cake - Dots,26.29
1611,7/23/2025,Sprinkle Cake,17.29
1611,7/23/2025,TriColor Balloon,43.29
1612,7/23/2025,Picture Perfect - Sheet,59.29
1613,7/23/2025,Mini Cupcakes,19.49
1617,7/23/2025,Design Your Own - Round Rose,22.29
1619,7/23/2025,Soccer Cupcakes,33.98
1620,7/23/2025,Solid Color Cupcakes,30.98
1621,7/23/2025,Design Your Own - Round Fantasy Flowers,57.29
1622,7/23/2025,Design A Cake - Rose,26.29
1623,7/24/2025,Design A Cake - Rose,26.29
1624,7/24/2025,Design a Cake - Balloons,44.29
1628,7/24/2025,Design A Cake - Fantasy Flowers,64.29
1629,7/24/2025,Baseball Cupcakes,16.49
1629,7/24/2025,Basketball Cupcakes,16.49
1629,7/24/2025,Football Cupcakes,16.49
1629,7/24/2025,Soccer Cupcakes,16.49
1634,7/24/2025,Design A Cake - Dots,27.29
1635,7/24/2025,Fun in the Sun,52.29
1636,7/24/2025,Design a Cake - Balloons,27.29
1636,7/24/2025,Design a Cake - Plain Sheet,26.29
500159,7/10/2025,Picture Perfect - Sheet,78.29
500168,7/11/2025,Design a Cake - Balloons,26.29
500195,7/12/2025,Design Your Own - Round Fantasy Flowers,37.29
500238,7/14/2025,Picture Perfect - Sheet,59.29
500238,7/14/2025,Butterstar Cookie Tray,25.99
500340,7/17/2025,Design Your Own - Round Rose,22.29
500369,7/19/2025,Design A Graduation Cupcake,17.49
500369,7/19/2025,Design Your Own Cupcake,16.49
500371,7/19/2025,Design Your Own - Round Tea Roses,22.29
500372,7/19/2025,Design a Cake - Balloons,26.29
500376,7/20/2025,Design a Cake - Balloons,43.29
500385,7/21/2025,Picture Perfect - Sheet,58.29
500392,7/21/2025,Sprinkle Cake,26.29
500401,7/21/2025,Fun in the Sun,52.29
500405,7/21/2025,Design A Cake - Dots,44.29
500414,7/22/2025,Design A Cake - Rose,26.29
500420,7/22/2025,Design A Cake - Rose,26.29
500421,7/22/2025,Design A Cake - Rose,43.29
500424,7/22/2025,Design Your Own - Round Dots,45.29
500429,7/22/2025,Design a Cake - Balloons,26.29
500430,7/22/2025,Picture Perfect - Sheet,58.29
500431,7/22/2025,Design Your Own - Round Fantasy Flowers,37.29
500436,7/22/2025,Sunflowers,34.29
500442,7/22/2025,Golf Cupcakes,17.49
500445,7/22/2025,Golf Cart,51.29
500446,7/22/2025,Design a Cake - Plain Sheet,43.29
500447,7/22/2025,Design A Cake - Rose,26.29
500449,7/22/2025,TriColor Balloon,26.29
500452,7/23/2025,Mario Kart,35.29
500455,7/23/2025,Paw Patrol,34.29
500460,7/23/2025,Picture Perfect - Sheet,58.29
500466,7/23/2025,Picture Perfect - Sheet,41.29
500467,7/23/2025,Design Your Own - Round Balloons,22.29
500471,7/23/2025,Design A Cake - Rose,43.29
500472,7/23/2025,TriColor Balloon,22.29
500473,7/23/2025,Design Your Own - Round Rose,37.29
500477,7/23/2025,Design Your Own - Round Balloons,37.29
500478,7/23/2025,Design Your Own Cupcake,16.49
500478,7/23/2025,Bordered Cupcakes,16.49
500480,7/23/2025,Sesame Street Cupcakes,16.49
500488,7/24/2025,Design Your Own - Round Rose,22.29
500490,7/24/2025,Design A Cake - Dots,26.29
500493,7/24/2025,Butterstar Cookie Tray,25.99
1109,7/9/2025,Design A Cake - Dots,61.29
1165,7/10/2025,Design A Cake - Rose,43.29
1334,7/15/2025,Design a Cake - Balloons,27.29
1362,7/16/2025,Design Your Own - Round Balloons,37.29
1442,7/19/2025,Paw Patrol,35.29
1461,7/20/2025,TriColor Balloon,22.29
1467,7/20/2025,Anniversary Cake,34.29
1485,7/21/2025,Baseball Cupcakes,16.49
1485,7/21/2025,Baseball Cupcakes,16.49
1494,7/21/2025,Design A Cake - Rose,27.29
1528,7/21/2025,Design Your Own - Round Rose,22.29
1535,7/22/2025,Design a Cake - Balloons,43.29
1536,7/22/2025,Fun in the Sun,34.29
1544,7/22/2025,Anniversary Cake,35.29
1556,7/22/2025,Design A Cake - Dots,26.29
1568,7/22/2025,Design Your Own - Round Dots,37.29
1579,7/23/2025,Design A Cake - Dots,26.29
1596,7/23/2025,Minnie Mouse,51.29
1605,7/23/2025,Design a Cake - Balloons,64.29
1608,7/23/2025,Happy Birthday,35.29
1609,7/23/2025,Design A Cake - Dots,26.29
1615,7/23/2025,Design A Cake - Rose,26.29
1626,7/24/2025,Picture Perfect - Sheet,41.29
1627,7/24/2025,Design A Cake - Fantasy Flowers,26.29
1642,7/24/2025,Anniversary Cake,51.29
1644,7/24/2025,Anniversary Cake,35.29
1645,7/24/2025,Solid Color Cupcakes,30.98
1645,7/24/2025,Solid Color Cupcakes,31.98
1647,7/24/2025,Design Your Own - Round Tea Roses,22.29
1648,7/24/2025,Design a Cake - Plain Sheet,43.29
1650,7/24/2025,Picture Perfect - Sheet,58.29
1651,7/24/2025,Design A Cake - Rose,26.29
1653,7/24/2025,Picture Perfect - Sheet,41.29
1657,7/24/2025,Design a Cake - Balloons,26.29
1662,7/25/2025,Design a Cake - Balloons,27.29
1670,7/25/2025,Design a Cake - Balloons,27.29
1672,7/25/2025,Design A Cake - Fantasy Flowers,27.29
1298,7/14/2025,Design a Cake - Balloons,26.29
1354,7/16/2025,Sesame Street,34.29
1421,7/18/2025,Design Your Own - Round Tea Roses,22.29
1437,7/19/2025,Design Your Own - Round Rose,22.29
1503,7/21/2025,Design a Cake - Balloons,63.29
1504,7/21/2025,Design A Cake - Tea Roses,27.29
1559,7/22/2025,Design a Cake - Plain Round,22.29
1590,7/23/2025,Design Your Own - Round Rose,22.29
1600,7/23/2025,Design Your Own - Round Balloons,37.29
1633,7/24/2025,Design A Cake - Dots,43.29
1641,7/24/2025,Solid Color Cupcakes,15.49
1652,7/24/2025,Design Your Own - Round Tea Roses,22.29
1658,7/24/2025,Design A Cake - Dots,26.29
1663,7/25/2025,Sprinkle Cake,17.29
1663,7/25/2025,Sprinkle Cake,44.29
1664,7/25/2025,Design Your Own - Round Rose,22.29
1669,7/25/2025,Design a Cake - Balloons,64.29
1677,7/25/2025,Design Your Own - Round Balloons,22.29
1683,7/25/2025,Design a Cake - Balloons,26.29
1687,7/25/2025,Design A Cake - Rose,26.29
1690,7/26/2025,Picture Perfect - Sheet,93.29
1698,7/26/2025,Butterfly Cupcakes,32.98
1703,7/26/2025,Happy Birthday,34.29
1706,7/26/2025,Design A Cake - Rose,44.29
1707,7/26/2025,Design a Cake - Balloons,26.29
1708,7/27/2025,Design Your Own - Round Balloons,22.29
500395,7/21/2025,Design a Cake - Balloons,44.29
500395,7/21/2025,Design A Cake - Rose,26.29
500419,7/22/2025,Design A Cake - Dots,43.29
500489,7/24/2025,Hunting,51.29
1311,7/15/2025,Design a Cake - Plain Round,22.29
1411,7/18/2025,Picture Perfect - Sheet,58.29
1511,7/21/2025,TriColor Balloon,17.29
1630,7/24/2025,Design a Cake - Balloons,26.29
1631,7/24/2025,Baby Block,52.29
1637,7/24/2025,Design Your Own - Round Balloons,22.29
1643,7/24/2025,TriColor Balloon,17.29
1654,7/24/2025,Design A Cake - Fantasy Flowers,43.29
1665,7/25/2025,Design a Cake - Balloons,63.29
1684,7/25/2025,Happy Birthday Cupcakes,16.49
1692,7/26/2025,Picture Perfect - Sheet,93.29
1697,7/26/2025,Picture Perfect - Sheet,41.29
1709,7/27/2025,Design A Cake - Rose,26.29
1712,7/27/2025,Design a Cake - Balloons,26.29
1716,7/27/2025,Design a Cake - Balloons,43.29
1720,7/27/2025,Design Your Own - Round Dots,22.29
1725,7/27/2025,Design A Cake - Rose,63.29
1730,7/28/2025,Picture Perfect - Sheet,41.29
1738,7/28/2025,Design a Cake Graduation,72.29
500367,7/19/2025,Golf Cart,34.29
500510,7/25/2025,Design a Cake - Balloons,44.29
500523,7/26/2025,Design a Cake - Balloons,26.29
500528,7/26/2025,Design A Cake - Rose,43.29
1108,7/9/2025,Design a Cake - Balloons,27.29
1317,7/15/2025,Design Your Own - Round Fantasy Flowers,22.29
1317,7/15/2025,Solid Color Cupcakes,15.49
1319,7/15/2025,Design A Cake - Fantasy Flowers,44.29
1449,7/20/2025,Design A Cake - Rose,26.29
1454,7/20/2025,Double Bar Cake,39.99
1552,7/22/2025,Design a Cake - Plain Round,37.29
1555,7/22/2025,Design Your Own - Round Rose,22.29
1638,7/24/2025,Bordered Cupcakes,16.49
1674,7/25/2025,Design a Cake - Balloons,64.29
1676,7/25/2025,Design Your Own - Round Dots,22.29
1681,7/25/2025,Design Your Own - Round Rose,22.29
1682,7/25/2025,Picture Perfect - Sheet,59.29
1704,7/26/2025,TriColor Balloon,26.29
1713,7/27/2025,Design A Cake - Tea Roses,26.29
1715,7/27/2025,Baby Block,51.29
1729,7/27/2025,Design a Cake - Balloons,63.29
1729,7/27/2025,Design A Cake - Dots,63.29
1733,7/28/2025,Dinosaurs,72.29
1734,7/28/2025,Design a Cake - Plain Sheet,44.29
1740,7/28/2025,Design A Cake - Rose,29.29
1742,7/28/2025,Picture Perfect - Sheet,78.29
1742,7/28/2025,Picture Perfect - Sheet,78.29
1742,7/28/2025,Picture Perfect - Sheet,78.29
1744,7/28/2025,Design A Cake - Tea Roses,26.29
1746,7/28/2025,Solid Color Cupcakes,15.49
1746,7/28/2025,Solid Color Cupcakes,15.49
1746,7/28/2025,Solid Color Cupcakes,30.98
1749,7/28/2025,Mini Cupcakes,19.49
1750,7/28/2025,Design A Cake - Rose,26.29
1752,7/28/2025,Design Your Own - Round Rose,22.29
1753,7/28/2025,Design A Cake - Fantasy Flowers,26.29
1758,7/28/2025,Red Rose,27.29
1759,7/28/2025,Design Your Own - Round Fantasy Flowers,57.29
1764,7/29/2025,Picture Perfect - Round,52.29
1764,7/29/2025,Design a Cake - Plain Round,57.29
1764,7/29/2025,Design a Cake - Plain Round,22.29
1771,7/29/2025,Design Your Own - Round Fantasy Flowers,22.29
1772,7/29/2025,Design Your Own - Round Rose,22.29
500170,7/11/2025,Design a Cake - Plain Sheet,87.29
500347,7/17/2025,Marines,54.29
500363,7/18/2025,Butterstar Cookie Tray,25.99
500363,7/18/2025,Butterstar Cookie Tray,25.99
500515,7/25/2025,Butterflies,34.29
500527,7/26/2025,Picture Perfect - Round,52.29
500536,7/27/2025,Design A Cake - Rose,26.29
500542,7/28/2025,TriColor Balloon,43.29
500542,7/28/2025,Red Rose,43.29
500547,7/28/2025,Solid Color Cupcakes,31.98
500550,7/28/2025,Design a Cake - Plain Sheet,27.29
500557,7/28/2025,Design Your Own - Round Balloons,22.29
500574,7/29/2025,Butterstar Cookie Tray,25.99
1268,7/14/2025,Design A Cake - Tea Roses,63.29
1307,7/15/2025,Hello Kitty,35.29
1307,7/15/2025,Picture Perfect - Sheet,42.29
1349,7/16/2025,Eagle Scouts,72.29
1368,7/16/2025,Design a Cake - Balloons,44.29
1371,7/16/2025,Design a Cake - Plain Sheet,64.29
1380,7/17/2025,Design A Cake - Dots,44.29
1446,7/19/2025,Plain Cake,17.29
1452,7/20/2025,Mini Cupcakes,16.49
1465,7/20/2025,Design a Cake - Plain Round,57.29
1558,7/22/2025,Fun in the Sun,52.29
1575,7/22/2025,Butterfly Cupcakes,33.98
1575,7/22/2025,Sprinkle Cake,17.29
1575,7/22/2025,Butterfly Cupcakes,16.49
1616,7/23/2025,Design A Cake - Tea Roses,64.29
1646,7/24/2025,Design A Cake - Tea Roses,44.29
1649,7/24/2025,Design A Cake - Fantasy Flowers,63.29
1649,7/24/2025,Design A Cake - Rose,63.29
1659,7/24/2025,Design Your Own Cupcake,15.49
1659,7/24/2025,Solid Color Cupcakes,15.49
1660,7/24/2025,Design Your Own - Round Fantasy Flowers,37.29
1675,7/25/2025,Design a Cake - Plain Sheet,44.29
1679,7/25/2025,Solid Color Cupcakes,15.49
1679,7/25/2025,Solid Color Cupcakes,15.49
1679,7/25/2025,Design a Cake - Plain Round,22.29
1691,7/26/2025,Design Your Own - Round Dots,22.29
1694,7/26/2025,Design Your Own - Round Balloons,22.29
1717,7/27/2025,TriColor Balloon,26.29
1723,7/27/2025,Design A Cake - Rose,43.29
1728,7/27/2025,Design A Cake - Rose,43.29
1732,7/28/2025,Happy Birthday,34.29
1737,7/28/2025,Design Your Own - Round Rose,22.29
1739,7/28/2025,Design A Cake - Rose,43.29
1741,7/28/2025,Design a Cake - Balloons,26.29
1745,7/28/2025,Design A Cake - Tea Roses,26.29
1747,7/28/2025,Design A Cake - Tea Roses,26.29
1757,7/28/2025,Design A Cake - Tea Roses,26.29
1760,7/28/2025,Sprinkle Cake,26.29
1761,7/28/2025,Design A Cake - Dots,44.29
1762,7/28/2025,Bordered Cupcakes,30.98
1767,7/29/2025,Design a Cake - Balloons,43.29
1770,7/29/2025,Design A Cake - Fantasy Flowers,26.29
1773,7/29/2025,Design Your Own - Round Rose,22.29
1774,7/29/2025,Design Your Own - Round Rose,22.29
1779,7/29/2025,Sprinkle Cake,26.29
1781,7/29/2025,Design Your Own - Round Rose,37.29
1785,7/29/2025,Design a Cake - Plain Round,22.29
1786,7/29/2025,Sprinkle Cake,44.29
1787,7/29/2025,Design Your Own - Round Balloons,37.29
1787,7/29/2025,Design Your Own - Round Balloons,37.29
1788,7/29/2025,Sprinkle Cake,17.29
1796,7/29/2025,Solid Color Cupcakes,30.98
1796,7/29/2025,Solid Color Cupcakes,31.98
1797,7/29/2025,Sprinkle Cake,17.29
1798,7/29/2025,Happy Birthday Cupcakes,32.98
1798,7/29/2025,Happy Birthday Cupcakes,16.49
1799,7/30/2025,Design A Cake - Rose,43.29
1811,7/30/2025,Design a Cake - Plain Round,37.29
500237,7/14/2025,Butterstar Cookie Tray,25.99
500451,7/22/2025,Design a Cake - Plain Round,22.29
500456,7/23/2025,Monster Truck,51.29
500474,7/23/2025,Number Cake (Single Number),56.99
500475,7/23/2025,TriColor Balloon,17.29
500495,7/24/2025,Picture Perfect - Sheet,58.29
500511,7/25/2025,Solid Color Cupcakes,30.98
500511,7/25/2025,Solid Color Cupcakes,30.98
500520,7/26/2025,Design Your Own - Round Dots,37.29
500540,7/28/2025,Design a Cake - Plain Sheet,43.29
500540,7/28/2025,Design a Cake - Plain Sheet,43.29
500548,7/28/2025,Design Your Own - Round Balloons,57.29
500548,7/28/2025,Design Your Own - Round Rose,22.29
500554,7/28/2025,Mini Cupcakes,16.49
500554,7/28/2025,Mini Cupcakes,16.49
500576,7/29/2025,Eagle Scouts,71.29
500581,7/29/2025,Butterstar Cookie Tray,25.99
500581,7/29/2025,Tea Rose Cupcakes,16.49
500583,7/29/2025,Design A Cake - Tea Roses,63.29
500587,7/29/2025,Solid Color Cupcakes,30.98
500587,7/29/2025,Solid Color Cupcakes,15.49
500591,7/29/2025,Design A Cake - Dots,26.29
500592,7/29/2025,Design Your Own Cupcake,15.49
500593,7/29/2025,Mini Cupcakes,19.49
500601,7/29/2025,Picture Perfect - Sheet,58.29
500606,7/30/2025,Baseball,35.29
500607,7/30/2025,Fun in the Sun,35.29
500608,7/30/2025,Fun in the Sun,52.29
500609,7/30/2025,Design A Cake - Dots,63.29
500611,7/30/2025,Picture Perfect - Sheet,42.29
1090,7/9/2025,Design A Cake - Tea Roses,43.29
1106,7/9/2025,Design A Cake - Rose,61.29
1114,7/9/2025,Design A Cake - Rose,61.29
1191,7/11/2025,Picture Perfect - Sheet,78.29
1243,7/13/2025,Solid Color Cupcakes,15.49
1243,7/13/2025,Solid Color Cupcakes,15.49
1316,7/15/2025,Wedding Bell Cupcakes,32.98
1316,7/15/2025,Wedding Bell Cupcakes,32.98
1316,7/15/2025,Wedding Bell Cupcakes,17.49
1372,7/16/2025,Cross,71.29
1393,7/17/2025,Picture Perfect - Sheet,42.29
1438,7/19/2025,Design A Cake - Rose,26.29
1473,7/20/2025,Choc Choc,34.29
1593,7/23/2025,Design A Cake - Rose,44.29
1632,7/24/2025,Design a Cake - Balloons,64.29
1639,7/24/2025,Mini Cupcakes,19.49
1678,7/25/2025,Design a Cake - Plain Round,22.29
1680,7/25/2025,Design A Cake - Rose,64.29
1695,7/26/2025,Design Your Own - Round Rose,37.29
1699,7/26/2025,Solid Color Cupcakes,30.98
1710,7/27/2025,Spiderman,52.29
1711,7/27/2025,Football Cupcakes,32.98
1755,7/28/2025,Fun in the Sun,35.29
1756,7/28/2025,Design a Cake - Balloons,44.29
1763,7/28/2025,Design a Cake - Balloons,43.29
1765,7/29/2025,Design a Cake Graduation,51.29
1769,7/29/2025,Design A Cake - Tea Roses,26.29
1777,7/29/2025,Mini Cupcakes,19.49
1778,7/29/2025,Tulips,52.29
1780,7/29/2025,Design A Cake - Rose,26.29
1784,7/29/2025,Design A Cake - Rose,26.29
1790,7/29/2025,Design A Cake - Fantasy Flowers,27.29
1791,7/29/2025,Design Your Own - Round Balloons,22.29
1804,7/30/2025,Design Your Own - Round Dots,22.29
1805,7/30/2025,Design Your Own - Round Tea Roses,22.29
1806,7/30/2025,Design a Cake - Balloons,26.29
1808,7/30/2025,Picture Perfect - Sheet,78.29
1810,7/30/2025,Picture Perfect - Sheet,41.29
1814,7/30/2025,Design A Cake - Rose,30.29
1815,7/30/2025,Dinosaurs,34.29
1817,7/30/2025,Design Your Own - Round Rose,22.29
1818,7/30/2025,Football Cupcakes,32.98
1823,7/30/2025,Design Your Own - Round Rose,22.29
1824,7/30/2025,Baseball,51.29
1826,7/30/2025,Design A Cake - Rose,26.29
1827,7/30/2025,Sprinkle Cake,22.29
1830,7/30/2025,Design a Cake - Balloons,26.29
1832,7/30/2025,Wedding Bell Cupcakes,32.98
1833,7/30/2025,Pansies,51.29
1834,7/30/2025,Solid Color Cupcakes,15.49
1839,7/30/2025,Design A Cake - Tea Roses,26.29
1841,7/30/2025,Design a Cake - Plain Sheet,43.29
1842,7/30/2025,Sprinkle Cake,17.29
1842,7/30/2025,Design A Cake - Fantasy Flowers,27.29
1843,7/30/2025,Design Your Own - Round Rose,22.29
1844,7/30/2025,Design a Cake - Balloons,26.29
1845,7/30/2025,Design Your Own - Round Rose,22.29
1848,7/31/2025,Picture Perfect - Sheet,41.29
1851,7/31/2025,Design Your Own Cupcake,15.49
1851,7/31/2025,Design Your Own Cupcake,15.49
1851,7/31/2025,Design Your Own Cupcake,16.49
1852,7/31/2025,Plain Cake,17.29
1853,7/31/2025,Design A Cake - Fantasy Flowers,26.29
1855,7/31/2025,Design Your Own - Round Balloons,22.29
1856,7/31/2025,Spiderman,34.29
1857,7/31/2025,Design A Cake - Tea Roses,26.29
1859,7/31/2025,Design a Cake - Balloons,30.29
1860,7/31/2025,Design a Cake - Balloons,43.29
1860,7/31/2025,Solid Color Cupcakes,15.49
500244,7/14/2025,Picture Perfect - Round,52.29
500408,7/22/2025,Design a Cake - Plain Sheet,63.29
500470,7/23/2025,Design A Cake - Fantasy Flowers,26.29
500498,7/24/2025,Design A Cake - Tea Roses,26.29
500501,7/24/2025,Graduation Black/White,72.29
500502,7/24/2025,Paw Patrol,34.29
500506,7/25/2025,Design Your Own - Round Rose,22.29
500525,7/26/2025,Design Your Own - Round Rose,57.29
500529,7/26/2025,Double Bar Cake,33.99
500531,7/27/2025,Cross,72.29
500559,7/28/2025,Solid Color Cupcakes,15.49
500559,7/28/2025,Solid Color Cupcakes,15.49
500559,7/28/2025,Solid Color Cupcakes,16.49
500560,7/28/2025,Design Your Own - Round Balloons,22.29
500568,7/29/2025,Gender Reveal,52.99
500588,7/29/2025,Pansies,34.29
500590,7/29/2025,Design Your Own - Round Rose,22.29
500612,7/30/2025,Mini Cupcakes,16.49
500613,7/30/2025,Design Your Own Cupcake,31.98
500615,7/30/2025,Design A Cake - Rose,26.29
500616,7/30/2025,Solid Color Cupcakes,18.49
500617,7/30/2025,Design A Cake - Fantasy Flowers,43.29
500626,7/30/2025,Scooby Doo,35.29
500627,7/30/2025,Design Your Own - Round Dots,22.29
500629,7/30/2025,Design Your Own - Round Balloons,22.29
500633,7/30/2025,Red Rose,57.29
500644,7/31/2025,Design Your Own - Round Tea Roses,22.29
500645,7/31/2025,Choc Choc,34.29
